id,label,timeset,3,2,1,0,6,7,5,4,start_dynamic
A,A,,0.0346736733030616,0.14855875831485588,0,Health Care,2016,2017,0.004864881150018918,0.3289351696812242,"<[2011.0, 2017.0, 2016]>"
ABC,ABC,,1.0900256749304637E-10,0.015521064301552107,5,Health Care,2016,2017,0.005885475513328771,0.1552139697895649,"<[2011.0, 2017.0, 2016]>"
ADBE,ADBE,,0.01374361675596746,0.04656319290465632,0,Information Technology,2016,2017,5.330866861710308E-4,0.28856376810249657,"<[2011.0, 2017.0, 2016]>"
ADI,ADI,,0.09976740977733653,0.24390243902439024,2,Information Technology,2016,2017,0.008763980788069831,0.3104279395791298,"<[2011.0, 2017.0, 2016]>"
ADP,ADP,,0.0010121468429085388,0.011086474501108647,2,Information Technology,2016,2017,1.6046233096045465E-4,0.25139759626912517,"<[2011.0, 2017.0, 2016]>"
ADSK,ADSK,,0.0811120859490669,0.19290465631929046,2,Information Technology,2016,2017,0.005980073472892053,0.297484143392509,"<[2011.0, 2017.0, 2016]>"
AES,AES,,0.04248304958177488,0.17738359201773835,0,Utilities,2016,2017,0.021539973866907255,0.33560457701458235,"<[2011.0, 2017.0, 2016]>"
AET,AET,,3.426905768426112E-10,0.006726457399103139,2,Health Care,2015,2016,0.008958532775734367,0.14675880223757815,"<[2011.0, 2017.0, 2015]>"
AGN,AGN,,6.160211428826888E-11,0.019955654101995565,5,Health Care,2016,2017,0.0014983876813206077,0.15474960488368739,"<[2011.0, 2017.0, 2016]>"
ALB,ALB,,0.0746293043094128,0.21951219512195122,0,Materials,2016,2017,0.006950221637628021,0.3380722577279249,"<[2011.0, 2017.0, 2016]>"
ALK,ALK,,1.548899208498703E-5,0.013303769401330377,3,Industrials,2016,2017,0.05650015207945592,0.20731485143235473,"<[2011.0, 2017.0, 2016]>"
ALL,ALL,,0.028903376577805066,0.08869179600886917,0,Financials,2016,2017,0.0016644276750666619,0.31206669944116144,"<[2011.0, 2017.0, 2016]>"
AME,AME,,3.244516044052724E-27,0.0066518847006651885,6,Industrials,2016,2017,6.898250800689825E-5,0.006929046563192905,"<[2011.0, 2017.0, 2016]>"
AMG,AMG,,0.08186349356944175,0.29596412556053814,1,Financials,2015,2016,0.006122069711478085,0.32318840579710145,"<[2011.0, 2017.0, 2015]>"
AMP,AMP,,0.005044666838259435,0.019955654101995565,2,Financials,2016,2017,3.6498681485131345E-7,0.2306579952391193,"<[2011.0, 2017.0, 2016]>"
AON,AON,,0.04941123931206086,0.19068736141906872,0,Financials,2016,2017,0.013226611849344205,0.3417014396853675,"<[2011.0, 2017.0, 2016]>"
APA,APA,,0.08641180893883268,0.19955654101995565,2,Energy,2016,2017,0.001265697123255817,0.3141992736970236,"<[2011.0, 2017.0, 2016]>"
APD,APD,,1.7237291481371118E-4,0.017738359201773836,1,Materials,2016,2017,4.623556694281483E-4,0.2537096526419252,"<[2011.0, 2017.0, 2016]>"
APH,APH,,0.09223533753694348,0.2106430155210643,2,Information Technology,2016,2017,0.00374137809773102,0.31929046563192903,"<[2011.0, 2017.0, 2016]>"
AVY,AVY,,0.00565987737231197,0.08425720620842572,0,Materials,2016,2017,0.004191306992265268,0.31112815297667673,"<[2011.0, 2017.0, 2016]>"
AYI,AYI,,0.0024604542112105056,0.05543237250554324,0,Industrials,2016,2017,6.78584373125387E-4,0.2883626783686272,"<[2011.0, 2017.0, 2016]>"
BA,BA,,0.02517403561347129,0.08425720620842572,2,Industrials,2016,2017,1.1543104250503077E-4,0.24897740280323707,"<[2011.0, 2017.0, 2016]>"
BBT,BBT,,0.0927122106314056,0.22394678492239467,2,Financials,2016,2017,0.002221756685436752,0.3011648060109025,"<[2011.0, 2017.0, 2016]>"
BCR,BCR,,0.004716361335819532,0.082039911308204,1,Health Care,2016,2017,0.005299463279707998,0.31563725664300535,"<[2011.0, 2017.0, 2016]>"
BDX,BDX,,0.02020719713130207,0.1352549889135255,0,Health Care,2016,2017,0.007658945695445004,0.32505926430399057,"<[2011.0, 2017.0, 2016]>"
BEN,BEN,,1.2829809324827179E-31,0.0022172949002217295,7,Financials,2016,2017,0.0,0.0022172949002217295,"<[2011.0, 2017.0, 2016]>"
BHI,BHI,,0.08709583698861399,0.2106430155210643,2,Energy,2016,2017,0.0012530897506448544,0.2976981607618561,"<[2011.0, 2017.0, 2016]>"
BLK,BLK,,0.024744549455745248,0.08425720620842572,0,Financials,2016,2017,0.001753652044959695,0.3031505080285568,"<[2011.0, 2017.0, 2016]>"
BLL,BLL,,0.0045846489738274685,0.017738359201773836,0,Materials,2016,2017,1.528427715847485E-6,0.2717008821135785,"<[2011.0, 2017.0, 2016]>"
CAH,CAH,,5.770497052272754E-9,0.022172949002217293,5,Health Care,2016,2017,0.007563065515453392,0.1791343911077836,"<[2011.0, 2017.0, 2016]>"
CAT,CAT,,0.11021026111936047,0.2616407982261641,2,Industrials,2016,2017,0.006165293587021335,0.31684566880473203,"<[2011.0, 2017.0, 2016]>"
CBG,CBG,,1.5759788272723982E-4,0.013452914798206279,2,Real Estate,2015,2016,0.011188106319504587,0.26819001803968734,"<[2011.0, 2017.0, 2015]>"
CBS,CBS,,0.006722866318362105,0.024390243902439025,2,Consumer Discretionary,2016,2017,2.8653142955123814E-5,0.25717864727096335,"<[2011.0, 2017.0, 2016]>"
CHRW,CHRW,,1.1626985031427651E-5,0.002242152466367713,3,Industrials,2015,2016,0.0,0.1923242777059077,"<[2011.0, 2017.0, 2015]>"
CHTR,CHTR,,0.10632260715369747,0.2660753880266075,0,Consumer Discretionary,2016,2017,0.008488496642601135,0.3339793732517999,"<[2011.0, 2017.0, 2016]>"
CI,CI,,2.4935659172006652E-11,0.0066518847006651885,5,Health Care,2016,2017,2.4430443494345835E-4,0.1616407982261641,"<[2011.0, 2017.0, 2016]>"
CMA,CMA,,0.09632953223251743,0.23059866962305986,2,Financials,2016,2017,0.002524065586671511,0.30204411931312414,"<[2011.0, 2017.0, 2016]>"
CMCSA,CMCSA,,0.05136097317887687,0.14855875831485588,0,Consumer Discretionary,2016,2017,0.0041175766382968125,0.32378751444364634,"<[2011.0, 2017.0, 2016]>"
CNC,CNC,,3.21359589751177E-6,0.015521064301552107,1,Health Care,2016,2017,3.820118962676556E-4,0.22887192669191375,"<[2011.0, 2017.0, 2016]>"
COF,COF,,0.037471683742283345,0.12195121951219512,2,Financials,2016,2017,0.018246241452318564,0.2782787111358305,"<[2011.0, 2017.0, 2016]>"
CRM,CRM,,7.562768427577448E-7,0.0066518847006651885,1,Information Technology,2016,2017,1.219309602404295E-4,0.21473816474259472,"<[2011.0, 2017.0, 2016]>"
CSX,CSX,,0.09443333107086264,0.22838137472283815,2,Industrials,2016,2017,0.0023465670835995634,0.3013841540123671,"<[2011.0, 2017.0, 2016]>"
CTAS,CTAS,,0.07314476016453925,0.17516629711751663,2,Industrials,2016,2017,0.00496267759537286,0.30788723471650303,"<[2011.0, 2017.0, 2016]>"
CTSH,CTSH,,1.0851896977304434E-9,0.015521064301552107,5,Information Technology,2016,2017,2.543346821191393E-4,0.16834843102480881,"<[2011.0, 2017.0, 2016]>"
CTXS,CTXS,,0.05745140223961071,0.18625277161862527,0,Information Technology,2016,2017,0.008831250450946154,0.331570868156234,"<[2011.0, 2017.0, 2016]>"
CVS,CVS,,2.5785142028448986E-8,0.04212860310421286,5,Consumer Staples,2016,2017,0.0061277825144491985,0.19723567371734035,"<[2011.0, 2017.0, 2016]>"
DD,DD,,0.07732426769767603,0.19290465631929046,0,Materials,2016,2017,9.413013948957313E-4,0.30973087085253,"<[2011.0, 2017.0, 2016]>"
DHR,DHR,,7.492182066575388E-10,0.008869179600886918,5,Health Care,2016,2017,0.0,0.16672056545486708,"<[2011.0, 2017.0, 2016]>"
DIS,DIS,,2.3049613362778395E-11,0.004434589800443459,3,Consumer Discretionary,2016,2017,0.010355149245853379,0.1614515971357706,"<[2011.0, 2017.0, 2016]>"
DOV,DOV,,0.06341838240184992,0.1951219512195122,0,Industrials,2016,2017,0.009198519169591187,0.33263701242683286,"<[2011.0, 2017.0, 2016]>"
DOW,DOW,,0.03491873619939651,0.09977827050997783,0,Materials,2016,2017,5.991613320901755E-4,0.2968439336147633,"<[2011.0, 2017.0, 2016]>"
DPS,DPS,,1.670949443544391E-7,0.011086474501108647,5,Consumer Staples,2016,2017,9.8942469447103E-4,0.20566622438319088,"<[2011.0, 2017.0, 2016]>"
DRI,DRI,,9.892178050163295E-5,0.004434589800443459,10,Consumer Discretionary,2016,2017,0.004247351564424735,0.19069144859860832,"<[2011.0, 2017.0, 2016]>"
DVA,DVA,,7.209049629164776E-8,0.03325942350332594,5,Health Care,2016,2017,0.00460444928602352,0.20752279009978938,"<[2011.0, 2017.0, 2016]>"
DVN,DVN,,0.10807909557778075,0.2660753880266075,2,Energy,2016,2017,0.01124230163924555,0.3345193560703153,"<[2011.0, 2017.0, 2016]>"
EMN,EMN,,8.659744817834623E-24,0.0066518847006651885,11,Materials,2016,2017,0.0,0.007256601491634751,"<[2011.0, 2017.0, 2016]>"
EOG,EOG,,0.10508401196924973,0.23725055432372505,2,Energy,2016,2017,0.0014486166583500138,0.3090369256601793,"<[2011.0, 2017.0, 2016]>"
EQIX,EQIX,,0.001470215949245519,0.05321507760532151,1,Real Estate,2016,2017,6.851334873643454E-4,0.29099890538606193,"<[2011.0, 2017.0, 2016]>"
ESRX,ESRX,,1.0103140929007281E-4,0.017937219730941704,2,Health Care,2015,2016,1.7197331199189785E-4,0.2554410080183276,"<[2011.0, 2017.0, 2015]>"
ETFC,ETFC,,0.09505819326088985,0.22172949002217296,2,Financials,2016,2017,0.0019992337559369706,0.30072706646728203,"<[2011.0, 2017.0, 2016]>"
ETN,ETN,,0.03387078867336896,0.11086474501108648,0,Industrials,2016,2017,0.0029217901839032564,0.32177328418272166,"<[2011.0, 2017.0, 2016]>"
EW,EW,,2.592718918418382E-4,0.015521064301552107,0,Health Care,2016,2017,7.482763150601215E-4,0.2620648786947309,"<[2011.0, 2017.0, 2016]>"
EXPD,EXPD,,0.10124441455477158,0.24390243902439024,2,Industrials,2016,2017,0.005241197703925623,0.32867390266797464,"<[2011.0, 2017.0, 2016]>"
EXR,EXR,,2.6645650860360147E-8,0.04878048780487805,5,Real Estate,2016,2017,0.011684250509960633,0.19799064280333975,"<[2011.0, 2017.0, 2016]>"
FDX,FDX,,0.09816336350326917,0.24390243902439024,2,Industrials,2016,2017,0.005723309331755255,0.3113622599390369,"<[2011.0, 2017.0, 2016]>"
FIS,FIS,,0.043003886115880435,0.16851441241685144,0,Information Technology,2016,2017,0.00811118225148074,0.33183676299838016,"<[2011.0, 2017.0, 2016]>"
FISV,FISV,,1.802565602649562E-5,0.008869179600886918,1,Information Technology,2016,2017,4.668105923606638E-4,0.2375433085298393,"<[2011.0, 2017.0, 2016]>"
FL,FL,,1.5851596648979217E-6,0.0066518847006651885,3,Consumer Discretionary,2016,2017,0.0084749938408475,0.17437861081288666,"<[2011.0, 2017.0, 2016]>"
FLIR,FLIR,,0.007194941952364665,0.028824833702882482,2,Information Technology,2016,2017,9.257226884061277E-5,0.25943601470782446,"<[2011.0, 2017.0, 2016]>"
FLR,FLR,,0.005641724293272483,0.031042128603104215,0,Industrials,2016,2017,9.271883379488825E-5,0.2918197767693795,"<[2011.0, 2017.0, 2016]>"
GD,GD,,0.08999960896779347,0.21507760532150777,2,Industrials,2016,2017,0.0016082423276506967,0.2994214496808828,"<[2011.0, 2017.0, 2016]>"
GE,GE,,4.3407868718105627E-4,0.008869179600886918,0,Industrials,2016,2017,2.995488361102401E-5,0.24156476559193232,"<[2011.0, 2017.0, 2016]>"
GGP,GGP,,3.033145968224535E-5,0.037694013303769404,1,Real Estate,2016,2017,0.0022421385552689977,0.2549602239426864,"<[2011.0, 2017.0, 2016]>"
GPN,GPN,,0.003164129467476765,0.05321507760532151,0,Information Technology,2016,2017,5.180283495597681E-4,0.2865654040574654,"<[2011.0, 2017.0, 2016]>"
GT,GT,,5.541591868007162E-7,0.051569506726457395,4,Consumer Discretionary,2015,2016,0.003233916318535976,0.19011082693947143,"<[2011.0, 2017.0, 2015]>"
HAL,HAL,,0.10878058635972268,0.25942350332594233,2,Energy,2016,2017,0.004532293698982193,0.3253148140400786,"<[2011.0, 2017.0, 2016]>"
HAR,HAR,,0.10470068678415384,0.23503325942350334,2,Consumer Discretionary,2016,2017,0.002283638297304774,0.3232815964523282,"<[2011.0, 2017.0, 2016]>"
HAS,HAS,,3.445128030079908E-8,0.011210762331838564,4,Consumer Discretionary,2015,2016,0.005974918458413928,0.19084296106118956,"<[2011.0, 2017.0, 2015]>"
HBAN,HBAN,,0.0448460978767418,0.13082039911308205,2,Financials,2016,2017,9.20404378854189E-4,0.2711667388328834,"<[2011.0, 2017.0, 2016]>"
HBI,HBI,,1.1580674145205178E-9,0.028824833702882482,5,Consumer Discretionary,2016,2017,0.005801312624807945,0.1688292302974215,"<[2011.0, 2017.0, 2016]>"
HCA,HCA,,2.0756100263535705E-7,0.0022172949002217295,1,Health Care,2016,2017,0.0,0.19255488294973477,"<[2011.0, 2017.0, 2016]>"
HES,HES,,0.004031718542789788,0.028824833702882482,0,Energy,2016,2017,0.004045882886260331,0.28303723902803013,"<[2011.0, 2017.0, 2016]>"
HIG,HIG,,0.0062198327459505685,0.026607538802660754,2,Financials,2016,2017,1.4639004899175717E-4,0.2565408824916181,"<[2011.0, 2017.0, 2016]>"
HOLX,HOLX,,9.547462702554646E-5,0.004434589800443459,8,Health Care,2016,2017,5.738723029297347E-5,0.20731485143235473,"<[2011.0, 2017.0, 2016]>"
HON,HON,,2.3854154556248355E-4,0.028824833702882482,1,Industrials,2016,2017,0.0021588302689057055,0.26525669452498724,"<[2011.0, 2017.0, 2016]>"
HRL,HRL,,4.088283645763215E-11,0.0066518847006651885,5,Consumer Staples,2016,2017,0.0,0.15405824402791513,"<[2011.0, 2017.0, 2016]>"
HRS,HRS,,0.043346763611435364,0.11529933481152993,2,Information Technology,2016,2017,0.001858648099838582,0.2688761815847823,"<[2011.0, 2017.0, 2016]>"
HSIC,HSIC,,6.805137328172959E-7,0.037694013303769404,5,Health Care,2016,2017,0.006961770243419598,0.2104783537431231,"<[2011.0, 2017.0, 2016]>"
HST,HST,,0.007859437423846366,0.03547671840354767,0,Real Estate,2016,2017,7.293451463569298E-4,0.27568317352363764,"<[2011.0, 2017.0, 2016]>"
IDXX,IDXX,,0.09552335886274625,0.2261640798226164,2,Health Care,2016,2017,0.003175383087411351,0.3158782011137252,"<[2011.0, 2017.0, 2016]>"
IFF,IFF,,8.79457000006734E-4,0.026607538802660754,0,Materials,2016,2017,1.2674965145527685E-4,0.2729554376378497,"<[2011.0, 2017.0, 2016]>"
ILMN,ILMN,,2.81943030733894E-4,0.004484304932735426,1,Health Care,2015,2016,0.0,0.24134199134199133,"<[2011.0, 2017.0, 2015]>"
INCY,INCY,,3.315953687434641E-8,0.004484304932735426,4,Health Care,2015,2016,0.0,0.16072072072072072,"<[2011.0, 2017.0, 2015]>"
IP,IP,,0.11344037825457755,0.2771618625277162,2,Materials,2016,2017,0.006056003287057372,0.33130539908645323,"<[2011.0, 2017.0, 2016]>"
IPG,IPG,,5.564255790704474E-5,0.013452914798206279,3,Consumer Discretionary,2015,2016,0.05054311300698412,0.2554410080183276,"<[2011.0, 2017.0, 2015]>"
IR,IR,,0.10521022051914115,0.2616407982261641,2,Industrials,2016,2017,0.011567611853214418,0.331570868156234,"<[2011.0, 2017.0, 2016]>"
ITW,ITW,,0.10663682165814019,0.270509977827051,0,Industrials,2016,2017,0.005148700995235859,0.32867390266797464,"<[2011.0, 2017.0, 2016]>"
IVZ,IVZ,,0.09304897552624501,0.33408071748878926,1,Financials,2015,2016,0.006049626716202311,0.33634992458521873,"<[2011.0, 2017.0, 2015]>"
JBHT,JBHT,,0.003523360972265965,0.022172949002217293,2,Industrials,2016,2017,1.5561306720358512E-4,0.2581412622950593,"<[2011.0, 2017.0, 2016]>"
JCI,JCI,,0.028933782478173565,0.1419068736141907,0,Industrials,2016,2017,0.006107690115662964,0.3299844046722329,"<[2011.0, 2017.0, 2016]>"
JPM,JPM,,0.07530873972490885,0.19290465631929046,2,Financials,2016,2017,0.005209704483371871,0.2932675006796457,"<[2011.0, 2017.0, 2016]>"
KIM,KIM,,3.936066851583313E-4,0.09534368070953436,1,Real Estate,2016,2017,0.045892172670950034,0.294101239132182,"<[2011.0, 2017.0, 2016]>"
KR,KR,,3.383876825640144E-10,0.019955654101995565,5,Consumer Staples,2016,2017,0.01183524453692473,0.17928962021619588,"<[2011.0, 2017.0, 2016]>"
L,L,,0.11568589819009222,0.28159645232815966,2,Financials,2016,2017,0.01415856001559508,0.33051153630908947,"<[2011.0, 2017.0, 2016]>"
LEG,LEG,,6.502986631154856E-4,0.05321507760532151,1,Consumer Discretionary,2016,2017,0.008166090719589883,0.2795948942290406,"<[2011.0, 2017.0, 2016]>"
LH,LH,,0.00899489962262213,0.10864745011086474,0,Health Care,2016,2017,0.007994411709829277,0.3085760204764952,"<[2011.0, 2017.0, 2016]>"
LLL,LLL,,0.07508875154295581,0.2106430155210643,0,Industrials,2016,2017,0.005960780795279263,0.3329046206427836,"<[2011.0, 2017.0, 2016]>"
LNC,LNC,,0.06011816934175389,0.1574279379157428,2,Financials,2016,2017,0.0016770869970767139,0.2788412691772103,"<[2011.0, 2017.0, 2016]>"
LUK,LUK,,0.10345161592613226,0.2394678492239468,2,Financials,2016,2017,0.0028621375399133083,0.30606541675960064,"<[2011.0, 2017.0, 2016]>"
LYB,LYB,,4.033644067161226E-13,0.008869179600886918,3,Materials,2016,2017,0.012687854151268786,0.12333843322175264,"<[2011.0, 2017.0, 2016]>"
MAS,MAS,,0.012190474663094655,0.11529933481152993,0,Industrials,2016,2017,0.012567509410334136,0.31978395939642973,"<[2011.0, 2017.0, 2016]>"
MCHP,MCHP,,0.10324389677780799,0.2394678492239468,2,Information Technology,2016,2017,0.0029076492105988877,0.31708846242067434,"<[2011.0, 2017.0, 2016]>"
MCK,MCK,,7.004423091802573E-7,0.017738359201773836,1,Health Care,2016,2017,8.303907603073373E-4,0.20536002156773206,"<[2011.0, 2017.0, 2016]>"
MCO,MCO,,6.290148348028353E-4,0.019955654101995565,0,Financials,2016,2017,2.1884634345251365E-5,0.25911111049403884,"<[2011.0, 2017.0, 2016]>"
MDT,MDT,,1.3727789874758777E-4,0.024390243902439025,1,Health Care,2016,2017,4.67928116433387E-4,0.25670002695966504,"<[2011.0, 2017.0, 2016]>"
MET,MET,,0.034200303483254625,0.10421286031042129,2,Financials,2016,2017,3.5217841662277065E-4,0.2530889562440245,"<[2011.0, 2017.0, 2016]>"
MHK,MHK,,0.0022297568998717993,0.037694013303769404,0,Consumer Discretionary,2016,2017,0.0029054434619631996,0.2968439336147633,"<[2011.0, 2017.0, 2016]>"
MKC,MKC,,9.347293995167979E-5,0.06208425720620843,1,Consumer Staples,2016,2017,0.0021849750470898494,0.2674857423781384,"<[2011.0, 2017.0, 2016]>"
MLM,MLM,,0.08573801771829445,0.21286031042128603,0,Materials,2016,2017,0.002003892833270479,0.32003127877724674,"<[2011.0, 2017.0, 2016]>"
MMC,MMC,,0.04819318878064729,0.188470066518847,0,Financials,2016,2017,0.016295426163104736,0.3422667026128867,"<[2011.0, 2017.0, 2016]>"
MMM,MMM,,0.010648602935852486,0.1130820399113082,1,Industrials,2016,2017,0.030350474458253906,0.3278925859421395,"<[2011.0, 2017.0, 2016]>"
MPC,MPC,,7.19263236962385E-15,0.0066518847006651885,13,Energy,2013,2014,1.970928800197093E-5,0.0066518847006651885,"<[2011.0, 2017.0, 2013]>"
MRO,MRO,,0.1154224370636793,0.2860310421286031,2,Energy,2016,2017,0.00827056244305012,0.3329046206427836,"<[2011.0, 2017.0, 2016]>"
MTB,MTB,,0.04487535611647341,0.1286031042128603,2,Financials,2016,2017,8.971911124586151E-4,0.27187939780484893,"<[2011.0, 2017.0, 2016]>"
MTD,MTD,,0.09865298302050915,0.25942350332594233,0,Health Care,2016,2017,0.008717251712296948,0.33344113090973415,"<[2011.0, 2017.0, 2016]>"
MUR,MUR,,0.04790738677125877,0.13747228381374724,0,Energy,2016,2017,0.005850277705172078,0.3173316284194632,"<[2011.0, 2017.0, 2016]>"
MYL,MYL,,1.9169065228087895E-10,0.019955654101995565,5,Health Care,2016,2017,6.635536512253191E-5,0.1553888259327751,"<[2011.0, 2017.0, 2016]>"
NEE,NEE,,3.788777921025102E-4,0.06873614190687362,1,Utilities,2016,2017,0.002366492548710611,0.2807330009898101,"<[2011.0, 2017.0, 2016]>"
NFX,NFX,,0.06907876169961943,0.21286031042128603,0,Energy,2016,2017,0.006928896223928078,0.33533261220338745,"<[2011.0, 2017.0, 2016]>"
NOC,NOC,,0.04091051863087749,0.09534368070953436,2,Industrials,2016,2017,2.3041776644509073E-4,0.2953607733468808,"<[2011.0, 2017.0, 2016]>"
NTAP,NTAP,,0.051483457261932875,0.12195121951219512,2,Information Technology,2016,2017,0.0012866357899103183,0.28245764058633455,"<[2011.0, 2017.0, 2016]>"
OMC,OMC,,0.003322551409797948,0.031042128603104215,0,Consumer Discretionary,2016,2017,0.0013296301380848225,0.2807330009898101,"<[2011.0, 2017.0, 2016]>"
ORCL,ORCL,,2.2281044753363656E-5,0.019955654101995565,1,Information Technology,2016,2017,0.006592938798154263,0.24675041351161603,"<[2011.0, 2017.0, 2016]>"
OXY,OXY,,1.175284392269066E-4,0.011086474501108647,1,Energy,2016,2017,3.269695517980401E-5,0.250181646589468,"<[2011.0, 2017.0, 2016]>"
PCAR,PCAR,,0.059126280425197124,0.14634146341463414,2,Industrials,2016,2017,0.001338475987285833,0.2996382646335844,"<[2011.0, 2017.0, 2016]>"
PDCO,PDCO,,0.012325786718194473,0.042600896860986545,3,Health Care,2015,2016,2.940820228335371E-5,0.27633209417596033,"<[2011.0, 2017.0, 2015]>"
PEP,PEP,,2.771899858840311E-4,0.028824833702882482,1,Consumer Staples,2016,2017,4.4215575388409194E-4,0.2715226006948688,"<[2011.0, 2017.0, 2016]>"
PFG,PFG,,0.09498056117219046,0.21951219512195122,2,Financials,2016,2017,0.004330954691454349,0.3009457770610764,"<[2011.0, 2017.0, 2016]>"
PGR,PGR,,1.0649717856277107E-24,0.0022172949002217295,11,Financials,2016,2017,0.0,0.005701615457713019,"<[2011.0, 2017.0, 2016]>"
PH,PH,,0.1086245703698535,0.2616407982261641,2,Industrials,2016,2017,0.005182641992874846,0.31301092546065057,"<[2011.0, 2017.0, 2016]>"
PHM,PHM,,0.006775340741087476,0.09090909090909091,0,Consumer Discretionary,2016,2017,0.004208907595862464,0.3141992736970236,"<[2011.0, 2017.0, 2016]>"
PKI,PKI,,2.955632603305741E-4,0.022172949002217293,0,Health Care,2016,2017,2.36112863408283E-5,0.2538653027355706,"<[2011.0, 2017.0, 2016]>"
PLD,PLD,,0.05413777313140555,0.18625277161862527,0,Real Estate,2016,2017,0.01039424880602353,0.32737376855931966,"<[2011.0, 2017.0, 2016]>"
PNC,PNC,,0.031518918518843815,0.09977827050997783,2,Financials,2016,2017,0.009977255628024524,0.25798032634599755,"<[2011.0, 2017.0, 2016]>"
PNR,PNR,,0.0137155854497787,0.12416851441241686,0,Industrials,2016,2017,0.010752947241289428,0.32177328418272166,"<[2011.0, 2017.0, 2016]>"
PPG,PPG,,2.378871850559795E-7,0.022172949002217293,5,Materials,2016,2017,0.002573484704033282,0.20856877190472786,"<[2011.0, 2017.0, 2016]>"
PRU,PRU,,0.06484665226009201,0.16851441241685144,2,Financials,2016,2017,0.0020246548341304976,0.28149690031223135,"<[2011.0, 2017.0, 2016]>"
REG,REG,,9.654558691231385E-5,0.07538802660753881,1,Real Estate,2016,2017,0.00916328949175981,0.2740400287807815,"<[2011.0, 2017.0, 2016]>"
RF,RF,,0.08825549151877692,0.21507760532150777,2,Financials,2016,2017,0.0016778345250153624,0.2994214496808828,"<[2011.0, 2017.0, 2016]>"
ROK,ROK,,0.08597809322363417,0.23059866962305986,2,Industrials,2016,2017,0.011973707130050954,0.3240410677047612,"<[2011.0, 2017.0, 2016]>"
RSG,RSG,,0.0902446837411069,0.21286031042128603,2,Industrials,2016,2017,0.0022433078525370795,0.3151564687425591,"<[2011.0, 2017.0, 2016]>"
SCHW,SCHW,,0.05631060681184843,0.15299334811529933,2,Financials,2016,2017,0.0013807777775376902,0.2775321552374112,"<[2011.0, 2017.0, 2016]>"
SEE,SEE,,1.6283378232788505E-6,0.004434589800443459,1,Materials,2016,2017,0.0,0.2177897070836737,"<[2011.0, 2017.0, 2016]>"
SIG,SIG,,1.4257339035556727E-10,0.024390243902439025,5,Consumer Discretionary,2016,2017,0.009662252313497531,0.1697991150837013,"<[2011.0, 2017.0, 2016]>"
SLB,SLB,,0.0737562810340407,0.18625277161862527,0,Energy,2016,2017,9.232183069571551E-4,0.32003127877724674,"<[2011.0, 2017.0, 2016]>"
SLG,SLG,,1.2430871919592417E-4,0.008869179600886918,0,Real Estate,2016,2017,2.7815527422136387E-6,0.24867815111717553,"<[2011.0, 2017.0, 2016]>"
SNA,SNA,,4.712909737588287E-7,0.06278026905829596,4,Consumer Discretionary,2015,2016,0.1135814635315254,0.22002960039467193,"<[2011.0, 2017.0, 2015]>"
SRCL,SRCL,,3.3618013506485743E-9,0.03991130820399113,5,Industrials,2016,2017,0.007382159509690417,0.1829356513965429,"<[2011.0, 2017.0, 2016]>"
STI,STI,,0.10224317081997265,0.24168514412416853,2,Financials,2016,2017,0.0038295674801080274,0.3047131395132401,"<[2011.0, 2017.0, 2016]>"
STT,STT,,0.07625251965989499,0.18403547671840353,2,Financials,2016,2017,0.0024708544923198058,0.2912036899781703,"<[2011.0, 2017.0, 2016]>"
STX,STX,,0.0649205735804656,0.226457399103139,3,Information Technology,2015,2016,0.0016535576015441113,0.3005390835579515,"<[2011.0, 2017.0, 2015]>"
SWK,SWK,,0.04303897144066484,0.18403547671840353,0,Consumer Discretionary,2016,2017,0.013657056720381791,0.3339793732517999,"<[2011.0, 2017.0, 2016]>"
SYK,SYK,,0.010664358651652854,0.08869179600886917,1,Health Care,2016,2017,0.007628758314150531,0.31855307425633567,"<[2011.0, 2017.0, 2016]>"
SYMC,SYMC,,0.004899337973937174,0.019955654101995565,2,Information Technology,2016,2017,9.045120318580635E-5,0.24499730222556546,"<[2011.0, 2017.0, 2016]>"
SYY,SYY,,0.0623820767578384,0.16851441241685144,0,Consumer Staples,2016,2017,0.004331204685505646,0.3260838797943105,"<[2011.0, 2017.0, 2016]>"
TEL,TEL,,0.011740041758479787,0.04656319290465632,2,Information Technology,2016,2017,8.098472479269086E-6,0.24645648806371653,"<[2011.0, 2017.0, 2016]>"
TMK,TMK,,0.10696747106954411,0.24611973392461198,2,Financials,2016,2017,0.003049599963574619,0.31159671947212353,"<[2011.0, 2017.0, 2016]>"
TMO,TMO,,7.357994745948652E-4,0.03991130820399113,0,Health Care,2016,2017,0.0019632559708270022,0.27623527600732983,"<[2011.0, 2017.0, 2016]>"
TRV,TRV,,1.6154779795599385E-5,0.02466367713004484,3,Financials,2015,2016,0.012882349601924057,0.2460011031439603,"<[2011.0, 2017.0, 2015]>"
TWX,TWX,,0.0759816918492366,0.18181818181818182,2,Consumer Discretionary,2016,2017,7.716664779263037E-4,0.2953607733468808,"<[2011.0, 2017.0, 2016]>"
TXN,TXN,,0.10436170239183316,0.25942350332594233,0,Information Technology,2016,2017,0.008509529952898975,0.3337100350475646,"<[2011.0, 2017.0, 2016]>"
UHS,UHS,,2.1050809361196943E-7,0.004434589800443459,1,Health Care,2016,2017,3.9565279168696235E-5,0.19770685306210228,"<[2011.0, 2017.0, 2016]>"
UNH,UNH,,0.09326187180344325,0.22394678492239467,2,Health Care,2016,2017,0.006407426777734031,0.3271149750663874,"<[2011.0, 2017.0, 2016]>"
UNM,UNM,,0.082233408995219,0.20842572062084258,2,Financials,2016,2017,0.0031829478026810906,0.2972704335193822,"<[2011.0, 2017.0, 2016]>"
UNP,UNP,,0.09828128709722685,0.2261640798226164,2,Industrials,2016,2017,0.00111647197815903,0.30561332604060565,"<[2011.0, 2017.0, 2016]>"
UTX,UTX,,0.02378931347122772,0.09977827050997783,0,Industrials,2016,2017,0.007263736973699068,0.3178190809976805,"<[2011.0, 2017.0, 2016]>"
VAR,VAR,,0.02155709084669554,0.08425720620842572,0,Health Care,2016,2017,0.005729432277583202,0.29161412505918255,"<[2011.0, 2017.0, 2016]>"
VIAB,VIAB,,0.10111403893960197,0.3475336322869955,0,Consumer Discretionary,2015,2016,0.0021855050932938435,0.32650073206442165,"<[2011.0, 2017.0, 2015]>"
VLO,VLO,,3.259333321075429E-7,0.011086474501108647,3,Energy,2016,2017,0.013040548672183721,0.1785931995938628,"<[2011.0, 2017.0, 2016]>"
VNO,VNO,,0.001003267878324894,0.015521064301552107,0,Real Estate,2016,2017,4.0086213458283287E-4,0.27771841842884565,"<[2011.0, 2017.0, 2016]>"
WAT,WAT,,0.002351054367504686,0.050997782705099776,0,Health Care,2016,2017,0.0014246039355401596,0.2859712808977056,"<[2011.0, 2017.0, 2016]>"
WDC,WDC,,6.29546627332748E-4,0.0022172949002217295,2,Information Technology,2016,2017,0.0,0.21676293528495552,"<[2011.0, 2017.0, 2016]>"
WHR,WHR,,1.3575893061029795E-4,0.017738359201773836,1,Consumer Discretionary,2016,2017,0.006225112308656126,0.2661096099414663,"<[2011.0, 2017.0, 2016]>"
WM,WM,,0.07175058996489403,0.18181818181818182,0,Industrials,2016,2017,0.004470606791364771,0.32505926430399057,"<[2011.0, 2017.0, 2016]>"
WU,WU,,0.09143971464959724,0.23503325942350334,0,Information Technology,2016,2017,0.004908327821354166,0.3242950183847806,"<[2011.0, 2017.0, 2016]>"
WY,WY,,0.052823994002634954,0.16851441241685144,0,Real Estate,2016,2017,0.004273968280914657,0.3215232660908936,"<[2011.0, 2017.0, 2016]>"
WYN,WYN,,7.842448862776731E-28,0.0022172949002217295,6,Consumer Discretionary,2016,2017,0.0,0.0039594551789673745,"<[2011.0, 2017.0, 2016]>"
XLNX,XLNX,,7.195087948014515E-4,0.004434589800443459,2,Information Technology,2016,2017,0.0,0.21756069582491064,"<[2011.0, 2017.0, 2016]>"
XRAY,XRAY,,7.108149077760398E-9,0.0022172949002217295,5,Health Care,2016,2017,0.0,0.17263264224404673,"<[2011.0, 2017.0, 2016]>"
XRX,XRX,,0.054520068032931746,0.2085201793721973,3,Information Technology,2015,2016,0.010814422978545,0.30381471389645776,"<[2011.0, 2017.0, 2015]>"
ZION,ZION,,0.1021013128833014,0.24390243902439024,2,Financials,2016,2017,0.0030858028144241274,0.3040414720492139,"<[2011.0, 2017.0, 2016]>"
AAL,AAL,,1.8581148271603932E-5,0.013303769401330377,3,Industrials,2016,2017,0.0033900698232402346,0.19913399588978828,"<[2011.0, 2017.0, 2016]>"
ABBV,ABBV,,0.0011374674149076773,0.03991130820399113,0,Health Care,2016,2017,4.0849721399366845E-4,0.2794061063193653,"<[2011.0, 2017.0, 2016]>"
ADM,ADM,,0.07121921630771137,0.1951219512195122,0,Consumer Staples,2016,2017,0.0031255238012519275,0.33130539908645323,"<[2011.0, 2017.0, 2016]>"
AFL,AFL,,0.04009676328459399,0.18181818181818182,0,Financials,2016,2017,0.013226350616654576,0.3364231247633984,"<[2011.0, 2017.0, 2016]>"
AKAM,AKAM,,5.80153462561155E-4,0.0022172949002217295,2,Information Technology,2016,2017,0.0,0.22152058001016062,"<[2011.0, 2017.0, 2016]>"
ALLE,ALLE,,0.0036460754609115736,0.07538802660753881,0,Industrials,2016,2017,0.0028270399140785255,0.30072706646728203,"<[2011.0, 2017.0, 2016]>"
AMAT,AMAT,,0.10590969476402393,0.25277161862527714,2,Information Technology,2016,2017,0.004469324222076565,0.32634104373736594,"<[2011.0, 2017.0, 2016]>"
ANTM,ANTM,,1.7427770871492789E-9,0.0066518847006651885,3,Health Care,2016,2017,0.017991817117867074,0.16492644219170188,"<[2011.0, 2017.0, 2016]>"
ARNC,ARNC,,0.07085221531192798,0.242152466367713,3,Industrials,2015,2016,6.206453151058163E-4,0.3011478730587441,"<[2011.0, 2017.0, 2015]>"
AVGO,AVGO,,0.054623387547062495,0.15077605321507762,0,Information Technology,2016,2017,0.0010224406334955938,0.31660324671689366,"<[2011.0, 2017.0, 2016]>"
BAC,BAC,,0.06968552716160824,0.17073170731707318,2,Financials,2016,2017,0.0022353249259151205,0.28937093948180426,"<[2011.0, 2017.0, 2016]>"
BBY,BBY,,0.082091530441255,0.2017738359201774,2,Consumer Discretionary,2016,2017,0.0031119257550576798,0.2987728833638845,"<[2011.0, 2017.0, 2016]>"
BK,BK,,0.07934571721951368,0.19290465631929046,2,Financials,2016,2017,0.0010723501269657104,0.2957830189127806,"<[2011.0, 2017.0, 2016]>"
BRK.B,BRK.B,,0.06970755123833619,0.1973392461197339,2,Financials,2016,2017,0.008982316567697357,0.30493768862120857,"<[2011.0, 2017.0, 2016]>"
BSX,BSX,,0.010870799440330198,0.11751662971175167,0,Health Care,2016,2017,0.006869154089661618,0.3180633692997541,"<[2011.0, 2017.0, 2016]>"
CA,CA,,0.01398259654651607,0.13082039911308205,0,Information Technology,2016,2017,0.01674607953084241,0.3310403547671841,"<[2011.0, 2017.0, 2016]>"
CCI,CCI,,6.918354240651244E-5,0.0598669623059867,1,Real Estate,2016,2017,0.004854752636488841,0.2683530761731388,"<[2011.0, 2017.0, 2016]>"
CCL,CCL,,3.952684457715203E-13,0.0022172949002217295,3,Consumer Discretionary,2016,2017,0.0,0.11481699319061599,"<[2011.0, 2017.0, 2016]>"
CFG,CFG,,0.047787407079937436,0.13082039911308205,2,Financials,2016,2017,6.066864016949028E-4,0.2702811518347355,"<[2011.0, 2017.0, 2016]>"
CINF,CINF,,0.061789969229579605,0.1973392461197339,0,Financials,2016,2017,0.007317988235445148,0.3329046206427836,"<[2011.0, 2017.0, 2016]>"
CME,CME,,0.09548025039264986,0.22394678492239467,2,Financials,2016,2017,0.0019114139537383414,0.3053877811505388,"<[2011.0, 2017.0, 2016]>"
CMI,CMI,,0.10912611249569877,0.2660753880266075,2,Industrials,2016,2017,0.003526943798118355,0.3284130503642699,"<[2011.0, 2017.0, 2016]>"
COL,COL,,3.824736595923789E-11,0.0066518847006651885,3,Industrials,2016,2017,0.017157743975070097,0.14122882029316727,"<[2011.0, 2017.0, 2016]>"
COTY,COTY,,5.72892090924882E-8,0.019955654101995565,5,Consumer Staples,2016,2017,4.441092640102343E-4,0.1978013592060134,"<[2011.0, 2017.0, 2016]>"
CPB,CPB,,5.909021593089301E-8,0.017738359201773836,5,Consumer Staples,2016,2017,1.0845476161120238E-4,0.19723567371734035,"<[2011.0, 2017.0, 2016]>"
DAL,DAL,,1.7775206447703684E-7,0.008869179600886918,3,Industrials,2016,2017,0.025596803944117393,0.18732478200949754,"<[2011.0, 2017.0, 2016]>"
DE,DE,,0.03463489626992238,0.09312638580931264,2,Industrials,2016,2017,1.581418197113099E-5,0.2664523138821507,"<[2011.0, 2017.0, 2016]>"
DLPH,DLPH,,1.2886157656514482E-27,0.0022172949002217295,6,Consumer Discretionary,2016,2017,0.0,0.004619364375461937,"<[2011.0, 2017.0, 2016]>"
DNB,DNB,,0.025234650811709506,0.1419068736141907,0,Industrials,2016,2017,0.02002667242228015,0.33236983410359844,"<[2011.0, 2017.0, 2016]>"
EA,EA,,0.01707531616960404,0.06430155210643015,0,Information Technology,2016,2017,7.95828437977212E-4,0.2897762209096499,"<[2011.0, 2017.0, 2016]>"
EFX,EFX,,0.005529385408283791,0.1130820399113082,0,Industrials,2016,2017,0.022638839982664742,0.3132478754420742,"<[2011.0, 2017.0, 2016]>"
EMR,EMR,,0.009623672170432836,0.05321507760532151,0,Industrials,2016,2017,0.011704439122646761,0.3029285823272182,"<[2011.0, 2017.0, 2016]>"
ES,ES,,9.525882935220314E-7,0.03991130820399113,5,Utilities,2016,2017,0.05577834067495516,0.23208101147447002,"<[2011.0, 2017.0, 2016]>"
EVHC,EVHC,,6.023408373222678E-4,0.01569506726457399,1,Health Care,2015,2016,0.02046011459171056,0.23120787973043028,"<[2011.0, 2017.0, 2015]>"
F,F,,7.698693490234878E-9,0.0066518847006651885,5,Consumer Discretionary,2016,2017,0.0,0.1759355626951446,"<[2011.0, 2017.0, 2016]>"
FB,FB,,0.0019582032726921904,0.022172949002217293,0,Information Technology,2016,2017,2.1059221572816582E-5,0.2644092290472716,"<[2011.0, 2017.0, 2016]>"
FCX,FCX,,0.0935081217059119,0.23725055432372505,0,Materials,2016,2017,0.005391599870624089,0.3321030846380257,"<[2011.0, 2017.0, 2016]>"
FLS,FLS,,6.560986732752314E-4,0.008869179600886918,1,Industrials,2016,2017,3.289285915631192E-4,0.2711667388328834,"<[2011.0, 2017.0, 2016]>"
FSLR,FSLR,,3.5990705077190845E-10,0.024390243902439025,5,Information Technology,2016,2017,7.886679346062796E-4,0.17134593932048864,"<[2011.0, 2017.0, 2016]>"
FTV,FTV,,0.02955070309241247,0.07538802660753881,2,Industrials,2016,2017,1.840557838800612E-6,0.24719261855375152,"<[2011.0, 2017.0, 2016]>"
GILD,GILD,,2.975947324416611E-9,0.03547671840354767,5,Health Care,2016,2017,0.00868052127276176,0.1827740474642138,"<[2011.0, 2017.0, 2016]>"
GLW,GLW,,0.09745843884094706,0.2261640798226164,2,Information Technology,2016,2017,0.0022869882027553527,0.32003127877724674,"<[2011.0, 2017.0, 2016]>"
GM,GM,,0.02072428432307408,0.07317073170731707,2,Consumer Discretionary,2016,2017,1.1791844863151737E-4,0.2500304794314079,"<[2011.0, 2017.0, 2016]>"
GOOGL,GOOGL,,8.959252992688156E-5,0.004434589800443459,4,Information Technology,2016,2017,0.012682926829268294,0.19528100210428506,"<[2011.0, 2017.0, 2016]>"
GS,GS,,0.04487943908945703,0.12638580931263857,2,Financials,2016,2017,5.699813840981805E-4,0.2695768361296287,"<[2011.0, 2017.0, 2016]>"
HD,HD,,2.483403228799922E-8,0.0066518847006651885,5,Consumer Discretionary,2016,2017,1.7681264997202044E-5,0.18894997418218268,"<[2011.0, 2017.0, 2016]>"
HPE,HPE,,0.10807373481288529,0.2660753880266075,0,Information Technology,2016,2017,0.005442219536699861,0.32945895179855095,"<[2011.0, 2017.0, 2016]>"
HPQ,HPQ,,0.10969617861060899,0.2727272727272727,0,Information Technology,2016,2017,0.00736448369387619,0.3307757341798402,"<[2011.0, 2017.0, 2016]>"
JNPR,JNPR,,1.6802375285458985E-5,0.0066518847006651885,3,Information Technology,2016,2017,0.0,0.19175182736746063,"<[2011.0, 2017.0, 2016]>"
KHC,KHC,,0.023408058686130977,0.12638580931263857,0,Consumer Staples,2016,2017,0.011171784236013211,0.32737376855931966,"<[2011.0, 2017.0, 2016]>"
KMX,KMX,,0.0016245791231348315,0.011086474501108647,0,Consumer Discretionary,2016,2017,1.79175345472463E-6,0.25543237250554324,"<[2011.0, 2017.0, 2016]>"
KORS,KORS,,0.060587688757256265,0.21524663677130046,3,Consumer Discretionary,2015,2016,6.287414417456073E-4,0.28979857050032487,"<[2011.0, 2017.0, 2015]>"
LB,LB,,3.331000298511226E-12,0.008869179600886918,5,Consumer Discretionary,2016,2017,2.326979300555303E-5,0.1387660776187056,"<[2011.0, 2017.0, 2016]>"
LLTC,LLTC,,0.07423265878498765,0.17073170731707318,2,Information Technology,2016,2017,0.0030096637259856536,0.2968439336147633,"<[2011.0, 2017.0, 2016]>"
LMT,LMT,,0.011248462618967149,0.037694013303769404,0,Industrials,2016,2017,1.1990938002641463E-5,0.28245764058633455,"<[2011.0, 2017.0, 2016]>"
LOW,LOW,,1.0206033614141991E-6,0.024390243902439025,5,Consumer Discretionary,2016,2017,0.008758013142943208,0.2267399690186192,"<[2011.0, 2017.0, 2016]>"
LRCX,LRCX,,0.105849084702306,0.24390243902439024,2,Information Technology,2016,2017,0.011461244608157556,0.3141992736970236,"<[2011.0, 2017.0, 2016]>"
LUV,LUV,,1.8044237719090407E-9,0.004434589800443459,3,Industrials,2016,2017,0.0070685330080123236,0.1518533737464147,"<[2011.0, 2017.0, 2016]>"
MAR,MAR,,0.015927613777807197,0.05543237250554324,2,Consumer Discretionary,2016,2017,0.0010447355828162464,0.26474756459307747,"<[2011.0, 2017.0, 2016]>"
MDLZ,MDLZ,,8.104233813341698E-7,0.0695067264573991,4,Consumer Staples,2015,2016,0.0012310854377637413,0.18130081300813009,"<[2011.0, 2017.0, 2015]>"
MNK,MNK,,7.80941008156977E-9,0.004434589800443459,1,Health Care,2016,2017,0.0,0.1688292302974215,"<[2011.0, 2017.0, 2016]>"
MOS,MOS,,0.009290854545954783,0.031042128603104215,0,Materials,2016,2017,1.510045908968166E-4,0.2729554376378497,"<[2011.0, 2017.0, 2016]>"
MS,MS,,0.07825712226755693,0.19068736141906872,2,Financials,2016,2017,0.005925813231465133,0.2922319515953249,"<[2011.0, 2017.0, 2016]>"
MU,MU,,0.06185203701995233,0.15299334811529933,2,Information Technology,2016,2017,0.009518555749064838,0.2799732364404466,"<[2011.0, 2017.0, 2016]>"
NTRS,NTRS,,0.057725813101170344,0.15521064301552107,2,Financials,2016,2017,0.002000739657161132,0.28400854046601237,"<[2011.0, 2017.0, 2016]>"
NVDA,NVDA,,0.10219663985547578,0.23503325942350334,2,Information Technology,2016,2017,0.0017287421659112313,0.304488920867535,"<[2011.0, 2017.0, 2016]>"
NWL,NWL,,0.011486477093271146,0.1197339246119734,0,Consumer Discretionary,2016,2017,0.00600832847616836,0.31684566880473203,"<[2011.0, 2017.0, 2016]>"
O,O,,1.0432552914072356E-4,0.07317073170731707,1,Real Estate,2016,2017,0.010213539979091442,0.27549962946669776,"<[2011.0, 2017.0, 2016]>"
PAYX,PAYX,,0.026303800223575903,0.10643015521064302,0,Information Technology,2016,2017,0.004160900804713567,0.312774333680257,"<[2011.0, 2017.0, 2016]>"
PCG,PCG,,0.0034819670091240863,0.08647450110864745,1,Utilities,2016,2017,0.020617459178980994,0.32102439368423585,"<[2011.0, 2017.0, 2016]>"
PRGO,PRGO,,1.238176967594881E-10,0.026607538802660754,5,Health Care,2016,2017,0.005944174304283481,0.16082411327593474,"<[2011.0, 2017.0, 2016]>"
PSX,PSX,,4.409536544861859E-15,0.004434589800443459,3,Energy,2016,2017,0.0,0.10932640514107796,"<[2011.0, 2017.0, 2016]>"
RCL,RCL,,3.605168530493842E-11,0.004434589800443459,3,Consumer Discretionary,2016,2017,0.004247351564424735,0.13041299825369684,"<[2011.0, 2017.0, 2016]>"
RHI,RHI,,1.714340554043973E-7,0.013303769401330377,3,Industrials,2016,2017,0.027538278700511787,0.17960088691796008,"<[2011.0, 2017.0, 2016]>"
RIG,RIG,,0.1070773841860009,0.24833702882483372,2,Energy,2016,2017,0.0034915825945615172,0.31206669944116144,"<[2011.0, 2017.0, 2016]>"
RTN,RTN,,0.04051646541808197,0.0975609756097561,0,Industrials,2016,2017,1.304651276320587E-4,0.2932675006796457,"<[2011.0, 2017.0, 2016]>"
SHW,SHW,,9.161905933057456E-7,0.03991130820399113,5,Materials,2016,2017,0.0065458339429365,0.2120965881388929,"<[2011.0, 2017.0, 2016]>"
SNI,SNI,,0.08546450555856545,0.29596412556053814,3,Consumer Discretionary,2015,2016,0.002763082132759275,0.3110181311018131,"<[2011.0, 2017.0, 2015]>"
SPGI,SPGI,,0.0015901679502717063,0.011086474501108647,8,Financials,2016,2017,5.364311862262058E-5,0.2526254233571307,"<[2011.0, 2017.0, 2016]>"
SPLS,SPLS,,1.2829809324827179E-31,0.0022172949002217295,7,Consumer Discretionary,2016,2017,0.0,0.0022172949002217295,"<[2011.0, 2017.0, 2016]>"
SRE,SRE,,3.1362235199128627E-4,0.06651884700665188,1,Utilities,2016,2017,0.00887227670063017,0.28207255859507846,"<[2011.0, 2017.0, 2016]>"
STZ,STZ,,8.097886120041976E-5,0.0066518847006651885,0,Consumer Staples,2016,2017,0.0,0.23781634681550579,"<[2011.0, 2017.0, 2016]>"
SWKS,SWKS,,1.1248646093193045E-10,0.0022172949002217295,4,Information Technology,2016,2017,0.0,0.12149161581297124,"<[2011.0, 2017.0, 2016]>"
SYF,SYF,,0.009651731379771197,0.04656319290465632,2,Financials,2016,2017,0.008486107324254678,0.2376797492584607,"<[2011.0, 2017.0, 2016]>"
TAP,TAP,,0.0021873791327316474,0.031042128603104215,0,Consumer Staples,2016,2017,0.0010912937280273937,0.28226496825305597,"<[2011.0, 2017.0, 2016]>"
TRIP,TRIP,,1.2200389175468984E-11,0.0022172949002217295,5,Consumer Discretionary,2016,2017,0.0,0.14358100050623873,"<[2011.0, 2017.0, 2016]>"
TROW,TROW,,9.167330923263608E-24,0.008869179600886918,11,Financials,2016,2017,8.869179600886918E-5,0.009977827050997782,"<[2011.0, 2017.0, 2016]>"
TXT,TXT,,0.06322286663708522,0.164079822616408,2,Industrials,2016,2017,0.0014997611471205276,0.2932675006796457,"<[2011.0, 2017.0, 2016]>"
UAL,UAL,,0.0014131769052931416,0.022172949002217293,3,Industrials,2016,2017,0.07659849087675799,0.23891480569225176,"<[2011.0, 2017.0, 2016]>"
URBN,URBN,,0.0012159989263818645,0.0066518847006651885,0,Consumer Discretionary,2016,2017,0.0,0.24897740280323707,"<[2011.0, 2017.0, 2016]>"
VMC,VMC,,0.042904499342918644,0.12416851441241686,0,Materials,2016,2017,0.0018126770792615762,0.31708846242067434,"<[2011.0, 2017.0, 2016]>"
VRSN,VRSN,,4.912486831972953E-10,0.0022172949002217295,5,Information Technology,2016,2017,0.0,0.16414138971002779,"<[2011.0, 2017.0, 2016]>"
WBA,WBA,,3.212940879793868E-8,0.05813953488372093,4,Consumer Staples,2014,2015,0.0025976846977234123,0.16790510880732232,"<[2011.0, 2017.0, 2014]>"
WFC,WFC,,1.7310327474493549E-9,0.0022172949002217295,3,Financials,2016,2017,0.0,0.15129815117330167,"<[2011.0, 2017.0, 2016]>"
WLTW,WLTW,,0.002456135718628942,0.013303769401330377,0,Financials,2016,2017,1.501533830184826E-5,0.2695768361296287,"<[2011.0, 2017.0, 2016]>"
XEC,XEC,,0.08263770372199084,0.21729490022172948,0,Energy,2016,2017,0.0049659895439707275,0.3337100350475646,"<[2011.0, 2017.0, 2016]>"
XYL,XYL,,0.09491027936547253,0.25277161862527714,0,Industrials,2016,2017,0.008055623437096489,0.3386255674787071,"<[2011.0, 2017.0, 2016]>"
ZBH,ZBH,,0.002056421433185007,0.07982261640798226,0,Health Care,2016,2017,0.01842916324820656,0.3029285823272182,"<[2011.0, 2017.0, 2016]>"
ZTS,ZTS,,0.02951607573063098,0.08425720620842572,0,Health Care,2016,2017,4.6024672681152176E-4,0.29557174532784286,"<[2011.0, 2017.0, 2016]>"
AAP,AAP,,0.026575868293996024,0.10697674418604651,2,Consumer Discretionary,2014,2015,0.0015688689286842846,0.2692103805088426,"<[2011.0, 2017.0, 2014]>"
AIZ,AIZ,,7.159448687965314E-7,0.05829596412556054,4,Financials,2015,2016,0.003367253556873386,0.17327117327117328,"<[2011.0, 2017.0, 2015]>"
AJG,AJG,,0.08156901420966431,0.24390243902439024,0,Financials,2016,2017,0.013914594247864918,0.3434028576423071,"<[2011.0, 2017.0, 2016]>"
FBHS,FBHS,,6.272508174236061E-4,0.04656319290465632,1,Industrials,2016,2017,0.0062071137409984035,0.28636708889894813,"<[2011.0, 2017.0, 2016]>"
FITB,FITB,,0.08729480574404039,0.21286031042128603,2,Financials,2016,2017,0.005590883832777233,0.30029059757545723,"<[2011.0, 2017.0, 2016]>"
GPS,GPS,,0.08930619853348863,0.3071748878923767,1,Consumer Discretionary,2015,2016,0.002981796211448026,0.3220216606498195,"<[2011.0, 2017.0, 2015]>"
INTU,INTU,,0.03108220119434457,0.11529933481152993,0,Information Technology,2016,2017,0.00295086989982549,0.31660324671689366,"<[2011.0, 2017.0, 2016]>"
JEC,JEC,,0.11101588133476319,0.2727272727272727,2,Industrials,2016,2017,0.006918899298817393,0.33024776014284124,"<[2011.0, 2017.0, 2016]>"
NDAQ,NDAQ,,4.5879749386000844E-4,0.008869179600886918,0,Financials,2016,2017,0.0,0.25355419329594364,"<[2011.0, 2017.0, 2016]>"
NUE,NUE,,0.08251447696803516,0.21286031042128603,2,Materials,2016,2017,0.012426171644678928,0.32177328418272166,"<[2011.0, 2017.0, 2016]>"
TSN,TSN,,1.3250736052396404E-8,0.002242152466367713,4,Consumer Staples,2015,2016,0.0,0.1534755677907777,"<[2011.0, 2017.0, 2015]>"
URI,URI,,0.09708494351691312,0.2328159645232816,2,Industrials,2016,2017,0.0030934586828420554,0.3031505080285568,"<[2011.0, 2017.0, 2016]>"
YHOO,YHOO,,0.04112716155201551,0.15077605321507762,0,Information Technology,2016,2017,0.006378028829027876,0.3222744886752181,"<[2011.0, 2017.0, 2016]>"
AIV,AIV,,0.005460238969031228,0.04656319290465632,0,Real Estate,2016,2017,3.064299017075178E-4,0.2976981607618561,"<[2011.0, 2017.0, 2016]>"
BWA,BWA,,0.09641692457383438,0.33856502242152464,1,Consumer Discretionary,2015,2016,0.0032342335852843023,0.32483612527312455,"<[2011.0, 2017.0, 2015]>"
CLX,CLX,,2.400804030003051E-7,0.026607538802660754,5,Consumer Staples,2016,2017,0.003779101752173416,0.20867395030710037,"<[2011.0, 2017.0, 2016]>"
K,K,,3.8431132844173547E-5,0.04656319290465632,1,Consumer Staples,2016,2017,5.932668348232669E-4,0.24912729889161953,"<[2011.0, 2017.0, 2016]>"
NFLX,NFLX,,7.694283687429885E-7,0.06726457399103139,4,Information Technology,2015,2016,0.008695921766486245,0.19527145359019266,"<[2011.0, 2017.0, 2015]>"
PCLN,PCLN,,0.018593427288697874,0.044345898004434586,2,Consumer Discretionary,2016,2017,1.344770686456134E-5,0.2769748617529987,"<[2011.0, 2017.0, 2016]>"
REGN,REGN,,1.7474845472901837E-12,0.0066518847006651885,5,Health Care,2016,2017,0.004251731406202951,0.13844109851421213,"<[2011.0, 2017.0, 2016]>"
VRTX,VRTX,,1.9835901783929057E-14,0.0022172949002217295,5,Health Care,2016,2017,0.0,0.12099428171315206,"<[2011.0, 2017.0, 2016]>"
ABT,ABT,,6.91301491890266E-5,0.042600896860986545,2,Health Care,2015,2016,0.011490559560342908,0.27195121951219514,"<[2011.0, 2017.0, 2015]>"
AIG,AIG,,0.10702338549701669,0.2394678492239468,2,Financials,2016,2017,0.0020379600528688093,0.30765832227433465,"<[2011.0, 2017.0, 2016]>"
BBBY,BBBY,,1.9618617268909487E-27,0.004434589800443459,6,Consumer Discretionary,2016,2017,5.9127864005912786E-5,0.006929046563192905,"<[2011.0, 2017.0, 2016]>"
CNP,CNP,,0.0562843928976783,0.18625277161862527,0,Utilities,2016,2017,0.04059433901785417,0.3454093851911353,"<[2011.0, 2017.0, 2016]>"
COG,COG,,1.7381944413784371E-4,0.022172949002217293,1,Energy,2016,2017,4.949870499917519E-4,0.2657677864219525,"<[2011.0, 2017.0, 2016]>"
CSRA,CSRA,,0.010755900231782701,0.04878048780487805,2,Information Technology,2016,2017,0.01565771146917688,0.24882768698675892,"<[2011.0, 2017.0, 2016]>"
D,D,,7.825300548854659E-5,0.024390243902439025,1,Utilities,2016,2017,3.121700578453293E-4,0.26373514560801786,"<[2011.0, 2017.0, 2016]>"
DG,DG,,4.9227285085297054E-8,0.017738359201773836,5,Consumer Discretionary,2016,2017,0.00496564327822839,0.2020509977827051,"<[2011.0, 2017.0, 2016]>"
DLTR,DLTR,,5.454554716131288E-10,0.0022172949002217295,5,Consumer Discretionary,2016,2017,0.0,0.16692232491286005,"<[2011.0, 2017.0, 2016]>"
ED,ED,,1.4164941254114365E-4,0.057649667405764965,1,Utilities,2016,2017,0.0015010245591857573,0.27367754197022487,"<[2011.0, 2017.0, 2016]>"
FE,FE,,0.00360113748296336,0.033632286995515695,3,Utilities,2015,2016,1.090463378561216E-4,0.2593023255813954,"<[2011.0, 2017.0, 2015]>"
FOX,FOX,,8.917825365965829E-24,0.0066518847006651885,11,Consumer Discretionary,2016,2017,0.0,0.007256601491634751,"<[2011.0, 2017.0, 2016]>"
FOXA,FOXA,,8.912422202233668E-24,0.0066518847006651885,11,Consumer Discretionary,2016,2017,0.0,0.007256601491634751,"<[2011.0, 2017.0, 2016]>"
GWW,GWW,,1.0784055275007304E-24,0.0022172949002217295,11,Industrials,2016,2017,0.0,0.005701615457713019,"<[2011.0, 2017.0, 2016]>"
M,M,,1.6614566555449601E-10,0.0022172949002217295,3,Consumer Discretionary,2016,2017,0.0,0.12799271372068668,"<[2011.0, 2017.0, 2016]>"
MCD,MCD,,4.714132808733311E-10,0.008869179600886918,5,Consumer Discretionary,2016,2017,0.011982682718479885,0.1710626058118975,"<[2011.0, 2017.0, 2016]>"
NI,NI,,2.540189094887964E-4,0.07538802660753881,1,Utilities,2016,2017,0.02258977878743298,0.2867639940810673,"<[2011.0, 2017.0, 2016]>"
OKE,OKE,,0.09785727913509458,0.25277161862527714,0,Energy,2016,2017,0.00730527429836076,0.3391806913598197,"<[2011.0, 2017.0, 2016]>"
PPL,PPL,,5.9051228824401164E-8,0.017738359201773836,5,Utilities,2016,2017,4.020392661543311E-5,0.19723567371734035,"<[2011.0, 2017.0, 2016]>"
PYPL,PYPL,,0.07268006319056118,0.2600896860986547,0,Information Technology,2015,2016,0.0043987075289742905,0.3272193690388848,"<[2011.0, 2017.0, 2015]>"
QRVO,QRVO,,0.0314972469881544,0.11086474501108648,0,Information Technology,2016,2017,5.183296472649389E-4,0.3113622599390369,"<[2011.0, 2017.0, 2016]>"
RAI,RAI,,0.010353150933330344,0.05605381165919283,1,Consumer Staples,2015,2016,1.6290342981121382E-4,0.2744615384615385,"<[2011.0, 2017.0, 2015]>"
SO,SO,,6.533239090689425E-5,0.057649667405764965,1,Utilities,2016,2017,0.0013273481230548464,0.2633993911260217,"<[2011.0, 2017.0, 2016]>"
TGNA,TGNA,,0.061168518692513385,0.226457399103139,0,Consumer Discretionary,2015,2016,0.026210666443165012,0.3330843913368185,"<[2011.0, 2017.0, 2015]>"
UAA,UAA,,9.626223820954917E-7,0.07847533632286996,4,Consumer Discretionary,2015,2016,0.002449311900443077,0.18256242325010233,"<[2011.0, 2017.0, 2015]>"
WRK,WRK,,0.09304628270891029,0.21286031042128603,2,Materials,2016,2017,0.0013013459981452147,0.2949397316172345,"<[2011.0, 2017.0, 2016]>"
ACN,ACN,,0.0010712997541281175,0.004434589800443459,0,Information Technology,2016,2017,0.0,0.2492773755776988,"<[2011.0, 2017.0, 2016]>"
AMGN,AMGN,,3.758492797108233E-7,0.008869179600886918,1,Health Care,2016,2017,0.002146225028235492,0.2047503431266601,"<[2011.0, 2017.0, 2016]>"
CTL,CTL,,1.195446241468985E-31,0.0022172949002217295,9,Telecommunications Services,2016,2017,0.0,0.0022172949002217295,"<[2011.0, 2017.0, 2016]>"
DHI,DHI,,7.110684329971449E-5,0.03325942350332594,1,Consumer Discretionary,2016,2017,0.01824508191054338,0.26457828865663685,"<[2011.0, 2017.0, 2016]>"
KEY,KEY,,0.058467721075620434,0.15299334811529933,2,Financials,2016,2017,0.0012731380520613887,0.2786534972787744,"<[2011.0, 2017.0, 2016]>"
LEN,LEN,,9.886647569485274E-7,0.015521064301552107,5,Consumer Discretionary,2016,2017,0.00186594077157067,0.22319333519901838,"<[2011.0, 2017.0, 2016]>"
PXD,PXD,,0.07424482013372888,0.19955654101995565,0,Energy,2016,2017,0.0031365141037968582,0.32454936741880785,"<[2011.0, 2017.0, 2016]>"
ROP,ROP,,1.2039335311309974E-27,0.0022172949002217295,6,Industrials,2016,2017,0.0,0.004619364375461937,"<[2011.0, 2017.0, 2016]>"
UPS,UPS,,0.08479278789469759,0.21729490022172948,0,Industrials,2016,2017,0.003030830662219034,0.3260838797943105,"<[2011.0, 2017.0, 2016]>"
USB,USB,,0.057042195233584225,0.15964523281596452,2,Financials,2016,2017,0.001494776699679507,0.27716037740052246,"<[2011.0, 2017.0, 2016]>"
VTR,VTR,,0.002941346074191499,0.11529933481152993,1,Real Estate,2016,2017,0.04490312839439493,0.31112815297667673,"<[2011.0, 2017.0, 2016]>"
XL,XL,,1.5182758109031309E-5,0.008869179600886918,3,Financials,2016,2017,0.006344728192023348,0.19903821234198177,"<[2011.0, 2017.0, 2016]>"
CELG,CELG,,1.4201196976770051E-5,0.002242152466367713,1,Health Care,2015,2016,0.0,0.203281677301732,"<[2011.0, 2017.0, 2015]>"
CMS,CMS,,1.7230674523388624E-4,0.0598669623059867,1,Utilities,2016,2017,0.0016136882785981702,0.27458556301193104,"<[2011.0, 2017.0, 2016]>"
CXO,CXO,,0.08679715918925161,0.23503325942350334,0,Energy,2016,2017,0.005411797825989056,0.3358769833270942,"<[2011.0, 2017.0, 2016]>"
ECL,ECL,,4.265573348999963E-4,0.026607538802660754,1,Materials,2016,2017,2.873756254010575E-4,0.2644092290472716,"<[2011.0, 2017.0, 2016]>"
FMC,FMC,,0.09833955664602137,0.23503325942350334,2,Materials,2016,2017,0.00356336035421854,0.3195370219760464,"<[2011.0, 2017.0, 2016]>"
HCN,HCN,,1.9834195286279633E-4,0.04878048780487805,1,Real Estate,2016,2017,0.012288253373876255,0.2685272183380792,"<[2011.0, 2017.0, 2016]>"
PFE,PFE,,4.206620277611551E-4,0.044345898004434586,1,Health Care,2016,2017,0.0022818863896639885,0.28245764058633455,"<[2011.0, 2017.0, 2016]>"
XOM,XOM,,0.0033058167890516457,0.04656319290465632,1,Energy,2016,2017,0.00679334188736213,0.3022647505178817,"<[2011.0, 2017.0, 2016]>"
ADS,ADS,,0.03611933264194157,0.12556053811659193,0,Information Technology,2015,2016,6.446037375737791E-5,0.29245901639344263,"<[2011.0, 2017.0, 2015]>"
PX,PX,,0.023316578188180566,0.09090909090909091,0,Materials,2016,2017,0.0010575629335113977,0.3104279395791298,"<[2011.0, 2017.0, 2016]>"
AEE,AEE,,0.002375605644607281,0.044345898004434586,1,Utilities,2016,2017,0.0022714390772662356,0.29985539381085513,"<[2011.0, 2017.0, 2016]>"
DUK,DUK,,1.137840799029777E-4,0.06873614190687362,1,Utilities,2016,2017,0.00743408026695064,0.2782787111358305,"<[2011.0, 2017.0, 2016]>"
FAST,FAST,,3.4824338166761784E-24,0.0066518847006651885,11,Industrials,2016,2017,8.869179600886918E-5,0.008869179600886918,"<[2011.0, 2017.0, 2016]>"
ISRG,ISRG,,0.008727779980678831,0.10421286031042129,0,Health Care,2016,2017,0.005256793780292675,0.3074297499695246,"<[2011.0, 2017.0, 2016]>"
DGX,DGX,,0.10371592521281903,0.2616407982261641,0,Health Care,2016,2017,0.007652610477422548,0.33479000279852755,"<[2011.0, 2017.0, 2016]>"
PBCT,PBCT,,0.05699345947815086,0.164079822616408,2,Financials,2016,2017,0.05197693162109329,0.28796133852399447,"<[2011.0, 2017.0, 2016]>"
R,R,,0.045712674383882906,0.12195121951219512,2,Industrials,2016,2017,0.001382479741219899,0.29018263917179526,"<[2011.0, 2017.0, 2016]>"
TSS,TSS,,1.0872834260939228E-6,0.0022172949002217295,1,Information Technology,2016,2017,0.0,0.19770685306210228,"<[2011.0, 2017.0, 2016]>"
BXP,BXP,,6.281986377628529E-4,0.04656319290465632,1,Real Estate,2016,2017,0.006808459082490621,0.2859712808977056,"<[2011.0, 2017.0, 2016]>"
MAC,MAC,,4.023258961568334E-6,0.022172949002217293,1,Real Estate,2016,2017,9.452898117436885E-4,0.2287454082139193,"<[2011.0, 2017.0, 2016]>"
NLSN,NLSN,,4.433364777074948E-6,0.03547671840354767,1,Industrials,2016,2017,0.014027464383185785,0.23551533492258397,"<[2011.0, 2017.0, 2016]>"
PWR,PWR,,0.11023063475046857,0.2572062084257206,2,Industrials,2016,2017,0.0032239483052267084,0.30926789496186846,"<[2011.0, 2017.0, 2016]>"
EXC,EXC,,0.01969508078146972,0.10199556541019955,0,Utilities,2016,2017,0.026399307436560944,0.33024776014284124,"<[2011.0, 2017.0, 2016]>"
MNST,MNST,,2.834664379326963E-6,0.008869179600886918,1,Consumer Staples,2016,2017,1.8657040651087956E-4,0.22283276438286487,"<[2011.0, 2017.0, 2016]>"
NEM,NEM,,0.020937854586819578,0.1352549889135255,0,Materials,2016,2017,0.018248988224299153,0.33479000279852755,"<[2011.0, 2017.0, 2016]>"
RRC,RRC,,0.0026561148051290266,0.04878048780487805,1,Energy,2016,2017,0.0037249587351917825,0.2972704335193822,"<[2011.0, 2017.0, 2016]>"
VFC,VFC,,2.5227083138768827E-8,0.03991130820399113,5,Consumer Discretionary,2016,2017,0.004678308502301039,0.19686034417648907,"<[2011.0, 2017.0, 2016]>"
MAA,MAA,,2.165264104481772E-6,0.026607538802660754,5,Real Estate,2016,2017,0.010423598431129546,0.2335216949542777,"<[2011.0, 2017.0, 2016]>"
UDR,UDR,,1.5629399054153984E-11,0.004434589800443459,5,Real Estate,2016,2017,0.0,0.1434814297707975,"<[2011.0, 2017.0, 2016]>"
KLAC,KLAC,,8.405648044779205E-4,0.0022172949002217295,2,Information Technology,2016,2017,0.0,0.24100200550901577,"<[2011.0, 2017.0, 2016]>"
LKQ,LKQ,,0.006500833776781937,0.082039911308204,0,Consumer Discretionary,2016,2017,0.0034443597883549297,0.3090369256601793,"<[2011.0, 2017.0, 2016]>"
KMI,KMI,,0.06166539421591722,0.1662971175166297,0,Energy,2016,2017,0.003150728748948185,0.31684566880473203,"<[2011.0, 2017.0, 2016]>"
FFIV,FFIV,,0.10022935173914564,0.22838137472283815,2,Information Technology,2016,2017,0.0014609675128278595,0.30248570428288013,"<[2011.0, 2017.0, 2016]>"
GOOG,GOOG,,1.056572821095784E-6,0.004434589800443459,4,Information Technology,2016,2017,0.0084749938408475,0.16252963215199528,"<[2011.0, 2017.0, 2016]>"
ALXN,ALXN,,5.58506587542356E-11,0.013303769401330377,5,Health Care,2016,2017,0.004015826401900613,0.1603877687825504,"<[2011.0, 2017.0, 2016]>"
EBAY,EBAY,,0.0012017030928972046,0.011086474501108647,8,Information Technology,2016,2017,0.002039290475052657,0.24355529338374343,"<[2011.0, 2017.0, 2016]>"
ICE,ICE,,1.4742607448551104E-8,0.002242152466367713,4,Financials,2015,2016,0.0,0.1497146693521316,"<[2011.0, 2017.0, 2015]>"
HP,HP,,0.03379220733452297,0.08869179600886917,2,Energy,2016,2017,5.325517800973522E-4,0.28168852515927845,"<[2011.0, 2017.0, 2016]>"
NOV,NOV,,0.03412468950649511,0.07317073170731707,2,Energy,2016,2017,1.431548626217716E-5,0.2753163296466933,"<[2011.0, 2017.0, 2016]>"
QCOM,QCOM,,0.0788806698463942,0.18181818181818182,2,Information Technology,2016,2017,0.001335532909651234,0.2957830189127806,"<[2011.0, 2017.0, 2016]>"
PG,PG,,2.2944823709904544E-4,0.0022172949002217295,0,Consumer Staples,2016,2017,0.0,0.24514244280745262,"<[2011.0, 2017.0, 2016]>"
TSO,TSO,,3.5564636511261872E-9,0.004434589800443459,3,Energy,2016,2017,0.0084749938408475,0.1508019108815525,"<[2011.0, 2017.0, 2016]>"
APC,APC,,0.10979379442902877,0.2572062084257206,2,Energy,2016,2017,0.00404551799298834,0.32505926430399057,"<[2011.0, 2017.0, 2016]>"
NBL,NBL,,0.02550297025118164,0.06651884700665188,0,Energy,2016,2017,2.2775589226645362E-4,0.294101239132182,"<[2011.0, 2017.0, 2016]>"
ATVI,ATVI,,0.0013229128966742794,0.028824833702882482,0,Information Technology,2016,2017,8.800340541085955E-5,0.27134455308785577,"<[2011.0, 2017.0, 2016]>"
MSFT,MSFT,,0.00814639867061534,0.031042128603104215,2,Information Technology,2016,2017,0.019235741235423997,0.24427416969243215,"<[2011.0, 2017.0, 2016]>"
AVB,AVB,,1.2750594633423974E-9,0.013303769401330377,5,Real Estate,2016,2017,0.0084749938408475,0.1686228375953464,"<[2011.0, 2017.0, 2016]>"
EQR,EQR,,6.62378354225456E-10,0.03325942350332594,5,Real Estate,2016,2017,0.002261382189254639,0.17227329036593672,"<[2011.0, 2017.0, 2016]>"
ESS,ESS,,1.455645674410095E-11,0.004434589800443459,5,Real Estate,2016,2017,0.0,0.1434814297707975,"<[2011.0, 2017.0, 2016]>"
AXP,AXP,,0.018764811157846627,0.06208425720620843,2,Financials,2016,2017,1.1918367689668925E-4,0.24645648806371653,"<[2011.0, 2017.0, 2016]>"
BAX,BAX,,0.038284351168253405,0.15521064301552107,0,Health Care,2016,2017,0.006842816460113608,0.32945895179855095,"<[2011.0, 2017.0, 2016]>"
LVLT,LVLT,,0.0014466332217452358,0.026905829596412557,0,Telecommunications Services,2015,2016,0.005546786565309622,0.2857142857142857,"<[2011.0, 2017.0, 2015]>"
NRG,NRG,,1.0547724086103575E-4,0.013303769401330377,1,Utilities,2016,2017,0.005036493327162554,0.24897740280323707,"<[2011.0, 2017.0, 2016]>"
WYNN,WYNN,,0.0020219470636436815,0.019955654101995565,0,Consumer Discretionary,2016,2017,4.4849287421392395E-5,0.2766045745046658,"<[2011.0, 2017.0, 2016]>"
DFS,DFS,,0.06812459535427604,0.17738359201773835,2,Financials,2016,2017,0.005070484674193731,0.29451988858290395,"<[2011.0, 2017.0, 2016]>"
BIIB,BIIB,,0.0811221626155629,0.2780269058295964,1,Health Care,2015,2016,0.001151958917826159,0.31541725601131543,"<[2011.0, 2017.0, 2015]>"
COH,COH,,9.699530913001987E-6,0.008869179600886918,1,Consumer Discretionary,2016,2017,8.569494732372753E-4,0.22925232324597233,"<[2011.0, 2017.0, 2016]>"
HUM,HUM,,1.0506253064127725E-6,0.0022172949002217295,10,Health Care,2016,2017,0.0,0.15909282716608228,"<[2011.0, 2017.0, 2016]>"
BMY,BMY,,1.9477216602091165E-8,0.013303769401330377,5,Health Care,2016,2017,9.285613718596475E-4,0.19620694331862495,"<[2011.0, 2017.0, 2016]>"
COP,COP,,0.02838538121970651,0.082039911308204,2,Energy,2016,2017,0.0019707710549823204,0.2753163296466933,"<[2011.0, 2017.0, 2016]>"
CB,CB,,4.1789822183408934E-7,0.03587443946188341,4,Financials,2015,2016,0.0010280748042397403,0.17180277349768874,"<[2011.0, 2017.0, 2015]>"
DTE,DTE,,0.0036075746067319838,0.05543237250554324,1,Utilities,2016,2017,0.0035809120830744457,0.30926789496186846,"<[2011.0, 2017.0, 2016]>"
EIX,EIX,,0.0019112990987712774,0.08869179600886917,1,Utilities,2016,2017,0.014332416541727953,0.3104279395791298,"<[2011.0, 2017.0, 2016]>"
CBOE,CBOE,,9.29083728602704E-5,0.013953488372093023,3,Financials,2014,2015,0.009163309069493647,0.22574714953036315,"<[2011.0, 2017.0, 2014]>"
NSC,NSC,,0.1104971094330649,0.2638580931263858,2,Industrials,2016,2017,0.004600920524182056,0.3144380269445137,"<[2011.0, 2017.0, 2016]>"
SJM,SJM,,4.079784684481946E-5,0.04212860310421286,1,Consumer Staples,2016,2017,5.385420777955774E-4,0.24897740280323707,"<[2011.0, 2017.0, 2016]>"
CL,CL,,7.045996322559672E-5,0.0598669623059867,1,Consumer Staples,2016,2017,0.00760320260155104,0.2697525707033768,"<[2011.0, 2017.0, 2016]>"
SCG,SCG,,0.004626962026805054,0.06208425720620843,1,Utilities,2016,2017,0.0018514694825394749,0.30674606631503337,"<[2011.0, 2017.0, 2016]>"
WEC,WEC,,1.1442065349090321E-4,0.06873614190687362,1,Utilities,2016,2017,0.01802085556097627,0.27921757318419704,"<[2011.0, 2017.0, 2016]>"
NAVI,NAVI,,0.10129320833123136,0.24390243902439024,2,Financials,2016,2017,0.003835810899587582,0.31253809928925985,"<[2011.0, 2017.0, 2016]>"
MA,MA,,8.195610723196684E-4,0.0022172949002217295,2,Information Technology,2016,2017,0.0,0.22711330595992318,"<[2011.0, 2017.0, 2016]>"
TIF,TIF,,1.620299392892939E-5,0.004434589800443459,3,Consumer Discretionary,2016,2017,0.0,0.1916630122552015,"<[2011.0, 2017.0, 2016]>"
COO,COO,,0.022580239823038233,0.14412416851441243,0,Health Care,2016,2017,0.013980046461078628,0.3291968523937788,"<[2011.0, 2017.0, 2016]>"
CVX,CVX,,0.0884702563959341,0.22172949002217296,2,Energy,2016,2017,0.008249835807710382,0.32737376855931966,"<[2011.0, 2017.0, 2016]>"
HRB,HRB,,2.0898110195603316E-12,0.0066518847006651885,5,Financials,2016,2017,0.0,0.13811763800366492,"<[2011.0, 2017.0, 2016]>"
WMB,WMB,,0.0641913235697772,0.15299334811529933,2,Energy,2016,2017,0.0012213817151052826,0.2883626783686272,"<[2011.0, 2017.0, 2016]>"
CSCO,CSCO,,0.05603778540849178,0.17738359201773835,0,Information Technology,2016,2017,0.006819089878638428,0.3299844046722329,"<[2011.0, 2017.0, 2016]>"
TGT,TGT,,1.9941398658983406E-27,0.004434589800443459,6,Consumer Discretionary,2016,2017,3.941857600394186E-5,0.005543237250554324,"<[2011.0, 2017.0, 2016]>"
MRK,MRK,,0.05218401454984582,0.164079822616408,0,Health Care,2016,2017,0.006665559136363855,0.32454936741880785,"<[2011.0, 2017.0, 2016]>"
DISCA,DISCA,,4.245530693876065E-15,0.0066518847006651885,3,Consumer Discretionary,2016,2017,4.927322000492732E-6,0.10935529689719346,"<[2011.0, 2017.0, 2016]>"
DISCK,DISCK,,4.1188778473936075E-15,0.004434589800443459,3,Consumer Discretionary,2016,2017,0.0,0.10932640514107796,"<[2011.0, 2017.0, 2016]>"
DLR,DLR,,0.0018536641619869422,0.08647450110864745,1,Real Estate,2016,2017,0.004015396886160211,0.304488920867535,"<[2011.0, 2017.0, 2016]>"
EL,EL,,2.385876084014558E-7,0.037694013303769404,5,Consumer Staples,2016,2017,0.009987603441025549,0.21253232843296357,"<[2011.0, 2017.0, 2016]>"
LNT,LNT,,0.0013617141383944797,0.08647450110864745,1,Utilities,2016,2017,0.040924425265072464,0.3118315323730068,"<[2011.0, 2017.0, 2016]>"
PNW,PNW,,0.002158011859469592,0.07538802660753881,1,Utilities,2016,2017,0.028387956305648526,0.3178190809976805,"<[2011.0, 2017.0, 2016]>"
EQT,EQT,,0.001165152948057449,0.028824833702882482,1,Energy,2016,2017,3.02341734978338E-4,0.2907944086148841,"<[2011.0, 2017.0, 2016]>"
ETR,ETR,,8.33204615259706E-4,0.08647450110864745,1,Utilities,2016,2017,0.013609777541416042,0.2983420644981831,"<[2011.0, 2017.0, 2016]>"
WMT,WMT,,8.636409186465821E-4,0.037694013303769404,1,Consumer Staples,2016,2017,6.122326867108513E-5,0.2809235868696402,"<[2011.0, 2017.0, 2016]>"
XEL,XEL,,1.712339738144693E-4,0.06208425720620843,1,Utilities,2016,2017,0.0016965700740647126,0.27476789074301466,"<[2011.0, 2017.0, 2016]>"
GRMN,GRMN,,0.06896789969708704,0.17073170731707318,0,Consumer Discretionary,2016,2017,0.0018013816069225783,0.3240410677047612,"<[2011.0, 2017.0, 2016]>"
MJN,MJN,,1.969709817254805E-5,0.0598669623059867,1,Consumer Staples,2016,2017,0.023009970537322885,0.24867815111717553,"<[2011.0, 2017.0, 2016]>"
GPC,GPC,,2.538339980873966E-4,0.037694013303769404,1,Consumer Discretionary,2016,2017,0.003525029639556673,0.27568317352363764,"<[2011.0, 2017.0, 2016]>"
HCP,HCP,,2.161717965030253E-6,0.0066518847006651885,1,Real Estate,2016,2017,2.7122199960426854E-4,0.2104783537431231,"<[2011.0, 2017.0, 2016]>"
MAT,MAT,,1.195446241468985E-31,0.0022172949002217295,9,Consumer Discretionary,2016,2017,0.0,0.0022172949002217295,"<[2011.0, 2017.0, 2016]>"
HOG,HOG,,0.08661374863294381,0.2017738359201774,2,Consumer Discretionary,2016,2017,0.003276146948652739,0.30029059757545723,"<[2011.0, 2017.0, 2016]>"
IBM,IBM,,0.07570698376988781,0.22394678492239467,0,Information Technology,2016,2017,0.012982290309435348,0.34085703744561785,"<[2011.0, 2017.0, 2016]>"
UA,UA,,5.64734884470848E-8,0.019955654101995565,5,Consumer Discretionary,2016,2017,0.0012622282165159816,0.19799064280333975,"<[2011.0, 2017.0, 2016]>"
NWS,NWS,,2.346780423359454E-30,0.0022172949002217295,12,Consumer Discretionary,2016,2017,0.0,0.0022172949002217295,"<[2011.0, 2017.0, 2016]>"
T,T,,0.0027267180165058483,0.057649667405764965,1,Telecommunications Services,2016,2017,0.005759205950106675,0.3085760204764952,"<[2011.0, 2017.0, 2016]>"
MO,MO,,4.250462982877346E-4,0.031042128603104215,1,Consumer Staples,2016,2017,0.0011007016846133837,0.26817915972714196,"<[2011.0, 2017.0, 2016]>"
PM,PM,,2.027948976728153E-5,0.050997782705099776,1,Consumer Staples,2016,2017,0.009033803775319534,0.24086172494701982,"<[2011.0, 2017.0, 2016]>"
NWSA,NWSA,,2.346780423359454E-30,0.0022172949002217295,12,Consumer Discretionary,2016,2017,0.0,0.0022172949002217295,"<[2011.0, 2017.0, 2016]>"
SPG,SPG,,2.065024822306931E-5,0.05543237250554324,1,Real Estate,2016,2017,0.0038964250309388637,0.24470753604907158,"<[2011.0, 2017.0, 2016]>"
RHT,RHT,,5.6180817806953965E-8,0.006726457399103139,2,Information Technology,2015,2016,1.1828710688900919E-4,0.2080223880597015,"<[2011.0, 2017.0, 2015]>"
ORLY,ORLY,,9.089139981100629E-7,0.07399103139013453,4,Consumer Discretionary,2015,2016,0.005996762055421234,0.1957857769973661,"<[2011.0, 2017.0, 2015]>"
VRSK,VRSK,,0.0029121455908117187,0.017738359201773836,0,Industrials,2016,2017,1.1425931627690597E-4,0.2849865313078375,"<[2011.0, 2017.0, 2016]>"
ROST,ROST,,0.007834395531254095,0.022172949002217293,2,Consumer Discretionary,2016,2017,3.387632776638593E-5,0.24675041351161603,"<[2011.0, 2017.0, 2016]>"
PSA,PSA,,2.21161389155012E-8,0.050997782705099776,5,Real Estate,2016,2017,0.03452310903870955,0.20087400167911654,"<[2011.0, 2017.0, 2016]>"
RL,RL,,0.020791477276062873,0.08071748878923767,3,Consumer Discretionary,2015,2016,1.4723725454616582E-5,0.27328431372549017,"<[2011.0, 2017.0, 2015]>"
WFM,WFM,,0.08051234105829462,0.2757847533632287,3,Consumer Staples,2015,2016,0.0018188933337342857,0.30631868131868134,"<[2011.0, 2017.0, 2015]>"
TDC,TDC,,0.002653356174557474,0.031042128603104215,0,Information Technology,2016,2017,1.567535746783284E-4,0.2767895942869432,"<[2011.0, 2017.0, 2016]>"
ULTA,ULTA,,0.04109622148409918,0.14412416851441243,0,Consumer Discretionary,2016,2017,0.0016391371304955104,0.3173316284194632,"<[2011.0, 2017.0, 2016]>"
NKE,NKE,,3.415097500472842E-9,0.044345898004434586,5,Consumer Discretionary,2016,2017,0.017686444476632143,0.1832597180952082,"<[2011.0, 2017.0, 2016]>"
AZO,AZO,,3.6474448900294693E-7,0.026905829596412557,4,Consumer Discretionary,2015,2016,5.124929656623483E-6,0.16685372240927795,"<[2011.0, 2017.0, 2015]>"
CMG,CMG,,9.038112089038127E-11,0.015521064301552107,5,Consumer Discretionary,2016,2017,4.2461001810595306E-5,0.15457618358572284,"<[2011.0, 2017.0, 2016]>"
INTC,INTC,,0.018636001799695687,0.05321507760532151,2,Information Technology,2016,2017,3.9690245034164904E-4,0.27476789074301466,"<[2011.0, 2017.0, 2016]>"
AAPL,AAPL,,1.0839996140410193E-8,0.004434589800443459,4,Information Technology,2016,2017,0.004247351564424735,0.13909258603663194,"<[2011.0, 2017.0, 2016]>"
TJX,TJX,,3.5555282486552813E-7,0.013303769401330377,5,Consumer Discretionary,2016,2017,0.005063950816954721,0.21574579950937436,"<[2011.0, 2017.0, 2016]>"
GIS,GIS,,7.646783289364428E-4,0.0975609756097561,1,Consumer Staples,2016,2017,0.022658354500692486,0.30072706646728203,"<[2011.0, 2017.0, 2016]>"
BF.B,BF.B,,1.2092746917500847E-8,0.028824833702882482,5,Consumer Staples,2016,2017,3.917271541909473E-4,0.18133235909683612,"<[2011.0, 2017.0, 2016]>"
EXPE,EXPE,,8.996053140175811E-7,0.07399103139013453,4,Consumer Discretionary,2015,2016,0.001142881542495663,0.18196654426764586,"<[2011.0, 2017.0, 2015]>"
KMB,KMB,,1.9427966279917287E-7,0.044345898004434586,5,Consumer Staples,2016,2017,0.04237064564863243,0.21264154340132582,"<[2011.0, 2017.0, 2016]>"
VZ,VZ,,4.816550150366887E-5,0.022172949002217293,1,Telecommunications Services,2016,2017,5.120338537577668E-4,0.26508676711017304,"<[2011.0, 2017.0, 2016]>"
SBUX,SBUX,,3.5815754428946277E-10,0.022172949002217293,5,Consumer Discretionary,2016,2017,0.0019998345092476296,0.17127501798798841,"<[2011.0, 2017.0, 2016]>"
FTI,FTI,,0.03995561494918936,0.11086474501108648,2,Energy,2016,2017,1.9673054660917353E-4,0.27010472810638386,"<[2011.0, 2017.0, 2016]>"
PEG,PEG,,7.674884515270824E-7,0.013303769401330377,5,Utilities,2016,2017,6.955444821288398E-4,0.2230730153417682,"<[2011.0, 2017.0, 2016]>"
AEP,AEP,,7.118373831387386E-5,0.07095343680709534,1,Utilities,2016,2017,0.06219693242381602,0.27367754197022487,"<[2011.0, 2017.0, 2016]>"
AMT,AMT,,0.004132436819204205,0.07760532150776053,0,Real Estate,2016,2017,0.005656238761660325,0.2985573185129726,"<[2011.0, 2017.0, 2016]>"
C,C,,0.11002254052404319,0.25277161862527714,2,Financials,2016,2017,0.0027217865724823292,0.30765832227433465,"<[2011.0, 2017.0, 2016]>"
LLY,LLY,,4.1090982832939875E-8,0.006726457399103139,4,Health Care,2015,2016,0.004484304932735426,0.16378993756885787,"<[2011.0, 2017.0, 2015]>"
MSI,MSI,,0.04019962581195115,0.09977827050997783,2,Information Technology,2016,2017,5.717888598133652E-4,0.2818804110755995,"<[2011.0, 2017.0, 2016]>"
PVH,PVH,,0.014633797451129605,0.06208425720620843,0,Consumer Discretionary,2016,2017,9.76963153188853E-4,0.2947296605833191,"<[2011.0, 2017.0, 2016]>"
V,V,,2.590470329047966E-7,0.02914798206278027,4,Information Technology,2015,2016,0.0011024553105223867,0.17462803445575567,"<[2011.0, 2017.0, 2015]>"
MON,MON,,0.0028751112662306,0.017738359201773836,0,Materials,2016,2017,0.0,0.27134455308785577,"<[2011.0, 2017.0, 2016]>"
AN,AN,,0.011299411647452136,0.04484304932735426,0,Consumer Discretionary,2015,2016,8.665971043846096E-5,0.2916939175931982,"<[2011.0, 2017.0, 2015]>"
FRT,FRT,,1.5313753677090986E-5,0.057649667405764965,1,Real Estate,2016,2017,0.07226962374999887,0.24987949484237926,"<[2011.0, 2017.0, 2016]>"
CAG,CAG,,1.6870346347376837E-6,0.011086474501108647,1,Consumer Staples,2016,2017,0.0,0.21952278167585149,"<[2011.0, 2017.0, 2016]>"
CHK,CHK,,0.0934133701202105,0.21507760532150777,2,Energy,2016,2017,0.0013121289642390992,0.3053877811505388,"<[2011.0, 2017.0, 2016]>"
CF,CF,,1.81380737180728E-9,0.008869179600886918,5,Materials,2016,2017,0.024311693528327738,0.17714060079579624,"<[2011.0, 2017.0, 2016]>"
CHD,CHD,,2.9447705132247484E-5,0.04878048780487805,1,Consumer Staples,2016,2017,6.395731666806829E-4,0.23960651039894618,"<[2011.0, 2017.0, 2016]>"
SWN,SWN,,0.017070643825978667,0.0975609756097561,0,Energy,2016,2017,0.0032681525146752914,0.3149166236369711,"<[2011.0, 2017.0, 2016]>"
KO,KO,,4.7259414160572095E-8,0.044345898004434586,5,Consumer Staples,2016,2017,0.009925834457200447,0.19799064280333975,"<[2011.0, 2017.0, 2016]>"
HSY,HSY,,1.2812061528955938E-5,0.0066518847006651885,1,Consumer Staples,2016,2017,3.284881333661821E-6,0.23195092122140137,"<[2011.0, 2017.0, 2016]>"
JWN,JWN,,1.640283738786374E-8,0.004434589800443459,3,Consumer Discretionary,2016,2017,0.004247351564424735,0.1476803866734404,"<[2011.0, 2017.0, 2016]>"
KSS,KSS,,1.2646890350382357E-4,0.013303769401330377,3,Consumer Discretionary,2016,2017,0.010142288458505755,0.2047503431266601,"<[2011.0, 2017.0, 2016]>"
TDG,TDG,,0.004864527433904782,0.057649667405764965,0,Industrials,2016,2017,5.752414055992912E-4,0.2899792876376875,"<[2011.0, 2017.0, 2016]>"
AMZN,AMZN,,0.029442646947075,0.10864745011086474,0,Consumer Discretionary,2016,2017,0.002684537676703614,0.2987728833638845,"<[2011.0, 2017.0, 2016]>"
TSCO,TSCO,,2.1522874528562674E-8,0.03325942350332594,5,Consumer Discretionary,2016,2017,0.009077962948001252,0.19686034417648907,"<[2011.0, 2017.0, 2016]>"
JNJ,JNJ,,0.006208049260591619,0.10643015521064302,1,Health Care,2016,2017,0.012569383808191986,0.32177328418272166,"<[2011.0, 2017.0, 2016]>"
KSU,KSU,,2.3492142910805247E-4,0.011086474501108647,1,Industrials,2016,2017,6.81668918831672E-5,0.258787019048768,"<[2011.0, 2017.0, 2016]>"
COST,COST,,1.0460568552686235E-6,0.013452914798206279,3,Consumer Staples,2015,2016,0.11626683946119014,0.23412073490813648,"<[2011.0, 2017.0, 2015]>"
IRM,IRM,,0.00451903310738588,0.12416851441241686,1,Real Estate,2016,2017,0.024569764156406354,0.32378751444364634,"<[2011.0, 2017.0, 2016]>"
AWK,AWK,,7.362321548806222E-4,0.08647450110864745,1,Utilities,2016,2017,0.0146008412736929,0.2943104149779375,"<[2011.0, 2017.0, 2016]>"
CERN,CERN,,3.6952053751114397E-7,0.008869179600886918,1,Health Care,2016,2017,0.002146225028235492,0.2047503431266601,"<[2011.0, 2017.0, 2016]>"
FTR,FTR,,4.4436879494992344E-7,0.04212860310421286,5,Telecommunications Services,2016,2017,0.01294513486871551,0.21418242415061078,"<[2011.0, 2017.0, 2016]>"
YUM,YUM,,3.343892251674496E-5,0.031042128603104215,1,Consumer Discretionary,2016,2017,0.016885879799161084,0.25943601470782446,"<[2011.0, 2017.0, 2016]>"
